customer_id,first_name,last_name,email,address,phone
1,Thomas,Mccoy,rherrera@example.org,"321 Alexander Stravenue Apt. 160, East Danielton, OR 35104",483.810.7634
2,Michael,Parker,haley82@example.org,"33043 Maria Burgs Suite 124, Lake Molly, TX 31597",+1-632-294-6745x2422
3,David,Rodriguez,copelandnicole@example.net,"0758 Brian Spurs Suite 218, Kylehaven, DC 51721",(552)956-0049x2628
4,Joshua,West,kenneth06@example.com,"75710 Andrew Stream, South Nicholasfurt, GA 69265",001-524-859-1305x3261
5,Donald,Smith,robert27@example.org,"PSC 8469, Box 7523, APO AP 27701",848-627-0205x95234
6,Sandra,Parker,whiteheadrobert@example.com,"USNV Johnson, FPO AE 46479",(446)802-7176x08888
7,Scott,Hines,yjohnson@example.net,"33606 Sarah Circles, West Andreaberg, MH 73112",+1-636-384-3488x8260
8,Ashley,Gray,yramirez@example.org,"565 Michael Road Suite 962, Judyside, VA 36090",910-212-0978
9,Jaclyn,Martinez,randerson@example.org,"Unit 1373 Box 0279, DPO AE 50088",936.592.2167x00860
10,Mark,Wells,ojenkins@example.org,"PSC 8370, Box 0542, APO AE 29036",001-872-830-5348x714
11,John,Owens,stevenvaldez@example.com,"3843 Phillip Plain, Nixonhaven, PA 22294",451-950-0790x831
12,Thomas,Smith,dylan96@example.com,"9127 Yolanda Brook, Cardenaston, AR 95265",6165280260
13,David,Washington,akelley@example.net,"2068 Curtis Ferry Suite 267, Annahaven, PA 53936",+1-623-215-7742x955
14,Mary,Tran,juliapugh@example.org,"Unit 1020 Box 7258, DPO AP 71590",364-317-6926
15,Michelle,Reid,christopherweber@example.com,"1759 Duncan Extensions, Wilsontown, CA 16502",+1-768-657-2865x73328
16,Melissa,Bradley,jeffrey02@example.com,"62036 Kelly Route Suite 246, South Cory, VA 49155",001-618-291-7436x199
17,Emma,Atkins,dwayne67@example.com,"USS Torres, FPO AP 79863",872.529.3094x680
18,Michael,Price,millermichael@example.org,"19571 Roy Oval, Donaldhaven, AR 74332",855.302.7761x5189
19,Travis,Paul,craig19@example.com,"77692 Jordan Junctions, Sandersville, RI 44700",(911)828-4079x2132
20,William,Patel,leejohn@example.org,"38744 Katherine Walks, Zacharymouth, NH 39876",871.229.7762x987
21,Michael,Jones,mosssonya@example.net,"8010 Hayes Canyon, Jenniferborough, RI 75359",+1-406-680-1475
22,Ryan,Drake,melindafleming@example.net,"3882 Garcia Crescent Suite 740, Thompsonchester, MO 54616",+1-292-588-8714
23,Ashley,Abbott,thomasellen@example.net,"2374 Norton Plaza, West Sarah, KY 10805",7714368749
24,Chase,Alvarez,melissaweber@example.org,"592 Edward Square, Pageside, TX 07998",+1-847-679-4196
25,Alejandro,Ingram,twilliams@example.org,"9529 Pamela Stravenue Apt. 844, Lindaport, WI 99555",(872)408-5717x1347
26,Allison,Martin,williamramirez@example.net,"22848 Janet Tunnel Suite 993, Annport, MN 54833",399.630.3320x638
27,Mark,Briggs,stephanieshort@example.net,"576 Stacy Pines Suite 556, North Paul, FM 96687",+1-841-630-8264
28,Marissa,Simpson,tchristian@example.net,"0171 Meadows Parkway Suite 848, West Jeremyhaven, CA 29135",001-815-702-2137x07902
29,John,Rodriguez,andrealewis@example.com,"230 Woodard Mountain, Jasonshire, NH 58362",+1-501-783-8457
30,Ryan,Lewis,donna80@example.org,"9850 Allison Manors, Heatherland, SD 04822",(869)302-8891
